{
  "South Africa": 0.928,
  "China (PR)": 0.555,
  "Hong Kong (China)": 0.81,
  "India": 0.708,
  "Indonesia": 0.761,
  "Japan": 0.506,
  "Korea (Republic)": 0.5,
  "Thailand": 0.445,
  "Australia": 0.79,
  "New Zealand": 0.0977,
  "Saudi Arabia": 0.732,
  "Turkey": 0.481,
  "United Arab Emirates": 0.4258,
  "Canada": 0.13,
  "Mexico": 0.449,
  "United States": 0.45322,
  "Argentina": 0.313,
  "Brazil": 0.074,
  "Austria": 0.13286,
  "Belgium": 0.15313,
  "Bulgaria": 0.43737,
  "Croatia": 0.27315,
  "Cyprus": 0.67729,
  "Czech Republic": 0.54465,
  "Denmark": 0.15444,
  "Estonia": 0.72328,
  "Finland": 0.13622,
  "France": 0.03895,
  "Germany": 0.37862,
  "Greece": 0.54901,
  "Hungary": 0.25298,
  "Iceland": 0.00011,
  "Ireland": 0.34804,
  "Italy": 0.33854,
  "Latvia": 0.30333,
  "Lithuania": 0.14913,
  "Luxembourg": 0.13939,
  "Malta": 0.3706,
  "Netherlands": 0.45207,
  "Norway": 0.01118,
  "Poland": 0.79107,
  "Portugal": 0.25255,
  "Romania": 0.31011,
  "Russian Federation": 0.325,
  "Serbia": 0.76253,
  "Slovakia": 0.1511,
  "Slovenia": 0.24385,
  "Spain": 0.22026,
  "Sweden": 0.01189,
  "Switzerland": 0.01182,
  "United Kingdom": 0.23314
}
